{
    "Keyframes": {
        "0": {
            "fovY": 0.6600000262260437,
            "rotation": {
                "w": 0.9916442036628723,
                "x": -0.009890013374388218,
                "y": -0.12861692905426025,
                "z": -0.0012827395694330335
            },
            "translation": {
                "x": 11.038312911987305,
                "y": 6.012967109680176,
                "z": -45.02092361450195
            }
        },
        "1": {
            "fovY": 0.6600000262260437,
            "rotation": {
                "w": 0.9695248603820801,
                "x": -0.057001058012247086,
                "y": -0.23785904049873352,
                "z": -0.01398437935858965
            },
            "translation": {
                "x": 19.837438583374023,
                "y": 5.50849723815918,
                "z": -42.811363220214844
            }
        },
        "2": {
            "fovY": 0.6600000262260437,
            "rotation": {
                "w": 0.9476738572120667,
                "x": -0.11099957674741745,
                "y": -0.2986689507961273,
                "z": -0.019754014909267426
            },
            "translation": {
                "x": 26.388891220092773,
                "y": 4.356346607208252,
                "z": -38.51761245727539
            }
        },
        "3": {
            "fovY": 0.7799999713897705,
            "rotation": {
                "w": 0.9265192747116089,
                "x": -0.10109388828277588,
                "y": -0.3613569438457489,
                "z": -0.027626950293779373
            },
            "translation": {
                "x": 32.14714050292969,
                "y": 4.358282089233398,
                "z": -32.01007843017578
            }
        }
    },
    "Timer": {
        "easeingType_": "Linear",
        "target_": 3.0
    },
    "divisionCount": 64,
    "followRotation": true,
    "followTarget": true,
    "lerpType": "Spline",
    "name": "bossEnemyCharge",
    "targetName": "bossEnemy",
    "useAveraging": false
}