{
    "LookTimer": {
        "easeingType_": "EaseOutQuint",
        "target_": 0.6399999856948853
    },
    "farClip_": 4000.0,
    "fovY_": 0.6400002241134644,
    "lookTargetLerpRate_": 0.07999999821186066,
    "lookYawOffset_": 0.23999999463558197,
    "nearClip_": 0.07999999821186066,
    "targetXRotation_": 0.18000000715255737
}