{
    "LookTimer": {
        "easeingType_": "EaseOutQuint",
        "target_": 0.6399999856948853
    },
    "farClip_": 4000.0,
    "fovY_": 0.47999998927116394,
    "nearClip_": 0.07999999821186066,
    "targetXRotation_": 0.18000000715255737
}