{
    "AllyAttack": {
        "fovYLerpEasingType_": 10,
        "fovYLerpTime_": 0.4000000059604645,
        "lerpRate_": 0.23999999463558197,
        "offsetTranslation_": {
            "x": 0.0,
            "y": 6.400000095367432,
            "z": -54.0
        }
    },
    "Follow": {
        "clampBlendSpeed_": 0.07999999821186066,
        "fovYLerpRate_": 0.11999999731779099,
        "handoffBlendSpeed_": 0.3199999928474426,
        "inputLerpRate_": 0.12999999523162842,
        "lerpRate_": 0.23999999463558197,
        "mouseSensitivity_": {
            "x": 0.041999999433755875,
            "y": 0.14399999380111694
        },
        "offsetTranslation_": {
            "x": 4.6528274566526306e-08,
            "y": 8.999970436096191,
            "z": -53.3497200012207
        },
        "offsetXLerpRate_": 0.01600000075995922,
        "offsetYLerpRate_": 0.01600000075995922,
        "offsetZLerpRate_": 0.07999999821186066,
        "padSensitivity_": {
            "x": 0.03200000151991844,
            "y": 0.04800000041723251
        },
        "rotateClampMinusX_": -0.4699999988079071,
        "rotateClampPlusX_": 0.12999999523162842,
        "rotateMinusParam_.clampThreshold": 0.14000000059604645,
        "rotateMinusParam_.offsetZNear": -32.0,
        "rotatePlusParam_.clampThreshold": 0.3199999928474426,
        "rotatePlusParam_.offsetZNear": -38.0,
        "rotateZLerpRate_": 0.03999999910593033
    },
    "ReturnDefaultRotate": {
        "TargetTime": {
            "Dash": 0.4000000059604645,
            "Idle": 6.0,
            "Walk": 0.699999988079071
        },
        "Timer": {
            "easeingType_": "EaseOutCubic",
            "target_": 0.6399999856948853
        },
        "lerpThreshold_": 0.0,
        "targetRotateX_": 0.10000000149011612
    },
    "Shake": {
        "shakeEasingType_": 14,
        "shakeOffsetYIntensity_": 6.400000095367432,
        "shakeTime_": 1.600000023841858,
        "shakeXZIntensity_": 0.23999999463558197
    },
    "StunAttack": {
        "lerpRate_": 0.23999999463558197,
        "offsetTranslation_": {
            "x": 0.0,
            "y": 9.0,
            "z": -54.0
        }
    },
    "SwitchAlly": {
        "lerpEasingType_": 10,
        "lerpRate_": 0.47999998927116394,
        "lerpTime_": 0.08799999952316284,
        "offsetTranslation_": {
            "x": 0.0,
            "y": 5.400000095367432,
            "z": -54.0
        },
        "targetFovY_": 0.2199999988079071
    }
}