{
    "AllyAttack": {
        "fovYLerpEasingType_": 10,
        "fovYLerpTime_": 0.4000000059604645,
        "lerpRate_": 0.23999999463558197,
        "offsetTranslation_": {
            "x": 0.0,
            "y": 6.400000095367432,
            "z": -54.0
        }
    },
    "Follow": {
        "fovYLerpRate_": 0.11999999731779099,
        "inputLerpRate_": 0.12999999523162842,
        "lerpRate_": 0.23999999463558197,
        "mouseSensitivity_": {
            "x": 0.041999999433755875,
            "y": 0.14399999380111694
        },
        "offsetTranslation_": {
            "x": 4.344025239406933e-44,
            "y": 6.402082920074463,
            "z": -51.58128356933594
        },
        "offsetXLerpRate_": 0.01600000075995922,
        "offsetYLerpRate_": 0.01600000075995922,
        "offsetZLerpRate_": 0.07999999821186066,
        "padSensitivity_": {
            "x": 0.03200000151991844,
            "y": 0.04800000041723251
        },
        "rotateClampMinusX_": -0.4699999988079071,
        "rotateClampPlusX_": 0.12999999523162842,
        "rotateMinusParam_.clampThreshold": 0.14000000059604645,
        "rotateMinusParam_.offsetZNear": -32.0,
        "rotatePlusParam_.clampThreshold": 0.3199999928474426,
        "rotatePlusParam_.offsetZNear": -38.0,
        "rotateZLerpRate_": 0.03999999910593033
    },
    "Parry": {
        "easingType_": 10,
        "lerpRate_": 0.6399999856948853,
        "lerpTime_": 0.12999999523162842,
        "targetFovY_": 1.0,
        "targetOffsetTranslation_": {
            "x": 2.0999999046325684,
            "y": 7.5,
            "z": -16.0
        },
        "targetRotate_": {
            "x": -0.07999999821186066,
            "y": -6.803716659545898,
            "z": -0.03999999910593033
        },
        "waitTime_": 0.800000011920929
    },
    "ParryAttack": {
        "easingType_": 14,
        "lerpRate_": 0.800000011920929,
        "lerpTime_": 1.399999976158142,
        "targetFovY_": 0.5400000214576721,
        "targetOffsetTranslation_": {
            "x": 1.2000000476837158,
            "y": 7.199999809265137,
            "z": -54.0
        },
        "targetRotate_": {
            "x": 0.29600000381469727,
            "y": -1.7566534280776978,
            "z": 0.0
        }
    },
    "Shake": {
        "shakeEasingType_": 14,
        "shakeOffsetYIntensity_": 6.400000095367432,
        "shakeTime_": 1.600000023841858,
        "shakeXZIntensity_": 0.23999999463558197
    },
    "StunAttack": {
        "lerpRate_": 0.23999999463558197,
        "offsetTranslation_": {
            "x": 0.0,
            "y": 9.0,
            "z": -54.0
        }
    },
    "SwitchAlly": {
        "lerpEasingType_": 10,
        "lerpRate_": 0.47999998927116394,
        "lerpTime_": 0.08799999952316284,
        "offsetTranslation_": {
            "x": 0.0,
            "y": 5.400000095367432,
            "z": -54.0
        },
        "targetFovY_": 0.2199999988079071
    }
}