{
    "color": {
        "a": 0.5372549295425415,
        "b": 0.9215686321258545,
        "g": 0.250980406999588,
        "r": 0.05882352963089943
    },
    "edgeScale": 128.0
}