{
    "CameraKeyObject": {
        "Keys": [
            {
                "Transform": {
                    "rotation": {
                        "w": 0.8875366449356079,
                        "x": -0.38198578357696533,
                        "y": -0.2507369816303253,
                        "z": -0.059131838381290436
                    },
                    "scale": {
                        "x": 1.0022786855697632,
                        "y": 0.9176027774810791,
                        "z": 1.1036220788955688
                    },
                    "translation": {
                        "x": 15.724054336547852,
                        "y": 50.829463958740234,
                        "z": 6.934628009796143
                    }
                },
                "anyValues": {
                    "FovY": 0.800000011920929
                },
                "ease": "EaseInQuint",
                "time": 0.0
            },
            {
                "Transform": {
                    "rotation": {
                        "w": 0.9464906454086304,
                        "x": 0.20966693758964539,
                        "y": -0.23954027891159058,
                        "z": 0.0530630461871624
                    },
                    "scale": {
                        "x": 1.0021848678588867,
                        "y": 0.956723153591156,
                        "z": 1.0657888650894165
                    },
                    "translation": {
                        "x": 13.390151977539063,
                        "y": 19.84000015258789,
                        "z": 4.505353927612305
                    }
                },
                "anyValues": {
                    "FovY": 0.699999988079071
                },
                "ease": "EaseInCubic",
                "time": 1.3079999685287476
            },
            {
                "Transform": {
                    "rotation": {
                        "w": 0.9921109676361084,
                        "x": 0.08253474533557892,
                        "y": -0.09403567761182785,
                        "z": 0.007822700776159763
                    },
                    "scale": {
                        "x": 0.9999843239784241,
                        "y": 1.0000005960464478,
                        "z": 0.9999800324440002
                    },
                    "translation": {
                        "x": 7.532620906829834,
                        "y": 15.494383811950684,
                        "z": -6.787446022033691
                    }
                },
                "anyValues": {
                    "FovY": 0.6399999856948853
                },
                "ease": "EaseOutQuad",
                "time": 3.4728002548217773
            },
            {
                "Transform": {
                    "rotation": {
                        "w": 0.9889407753944397,
                        "x": 0.08227087557315826,
                        "y": -0.12297576665878296,
                        "z": 0.010230300016701221
                    },
                    "scale": {
                        "x": 0.9999945759773254,
                        "y": 1.0,
                        "z": 0.9999911189079285
                    },
                    "translation": {
                        "x": 13.599723815917969,
                        "y": 20.116744995117188,
                        "z": -92.02909851074219
                    }
                },
                "anyValues": {
                    "FovY": 0.7200000286102295
                },
                "ease": "Linear",
                "time": 5.788000106811523
            }
        ],
        "addKeyTimeStep_": 0.800000011920929,
        "isConnectEnds_": false,
        "isUpdateKeyDuringLerp_": false,
        "lerpType_": "Spline",
        "parentName_": "platformRound",
        "startDuration_": 0.0,
        "startEaseType_": "Linear"
    },
    "keyName": "startGameCamera",
    "previewLoopSpacing_": 1.0,
    "previewMode_": "Play"
}