{
    "eulerRotateX": 0.36000001430511475,
    "farClip_": 3200.0,
    "fovY_": 0.4000000059604645,
    "rotateSpeed_": 0.11999999731779099,
    "viewOffset_": 512.0,
    "viewPoint_": {
        "x": 0.0,
        "y": 19.0,
        "z": 0.0
    }
}