{
    "Keyframes": {
        "0": {
            "fovY": 0.699999988079071,
            "rotation": {
                "w": -0.9880756139755249,
                "x": -0.14938707649707794,
                "y": -0.03686605393886566,
                "z": 0.005571609828621149
            },
            "translation": {
                "x": -7.298637866973877,
                "y": 25.235158920288086,
                "z": -45.57785415649414
            }
        },
        "1": {
            "fovY": 0.6399999856948853,
            "rotation": {
                "w": 0.9924142360687256,
                "x": 0.12128080427646637,
                "y": 0.020086659118533134,
                "z": 0.0012281816452741623
            },
            "translation": {
                "x": -3.4019389152526855,
                "y": 18.11618995666504,
                "z": -35.20846939086914
            }
        }
    },
    "Timer": {
        "easeingType_": "EaseOutSine",
        "target_": 0.5400000214576721
    },
    "divisionCount": 128,
    "followRotation": true,
    "followTarget": true,
    "lerpType": "Spline",
    "name": "playerAttack4th",
    "targetName": "player",
    "useAveraging": true
}