{
    "Keyframes": {
        "0": {
            "fovY": 0.6600000262260437,
            "rotation": {
                "w": 0.9978266954421997,
                "x": 0.059180714190006256,
                "y": 0.02892310544848442,
                "z": -0.0017165697645395994
            },
            "translation": {
                "x": -4.573697090148926,
                "y": 11.261043548583984,
                "z": -35.56770706176758
            }
        },
        "1": {
            "fovY": 0.7200000286102295,
            "rotation": {
                "w": 0.9995495080947876,
                "x": -0.0009995790896937251,
                "y": -0.029997438192367554,
                "z": -2.9827177058905363e-05
            },
            "translation": {
                "x": 1.5857715606689453,
                "y": 9.291789054870605,
                "z": -34.53324508666992
            }
        }
    },
    "Timer": {
        "easeingType_": "EaseOutCubic",
        "target_": 0.5400000214576721
    },
    "divisionCount": 64,
    "followRotation": true,
    "followTarget": true,
    "lerpType": "Spline",
    "name": "playerAttack3rd",
    "targetName": "player",
    "useAveraging": true
}