{
    "Keyframes": {
        "0": {
            "fovY": 0.8799999952316284,
            "rotation": {
                "w": 0.9598174144536405,
                "x": -0.04494979255676332,
                "y": 0.2745928778471063,
                "z": 0.036452688464316776
            },
            "translation": {
                "x": -8.807588577270508,
                "y": 3.2970685958862305,
                "z": -7.613008499145508
            }
        }
    },
    "Timer": {
        "easeingType_": "EaseOutQuint",
        "target_": 0.7
    },
    "divisionCount": 64,
    "followRotation": true,
    "followTarget": true,
    "lerpType": "Spline",
    "name": "playerParryLeftView",
    "targetName": "player",
    "useAveraging": true
}