{
    "AttackCollision": {
        "Idle": {
            "centerOffset": {
                "x": 0.0,
                "y": 0.0,
                "z": 0.0
            },
            "hitWindows": [],
            "size": {
                "x": 0.0,
                "y": 0.0,
                "z": 0.0
            }
        },
        "JumpAttack": {
            "centerOffset": {
                "x": 0.0,
                "y": 7.0,
                "z": -5.199999809265137
            },
            "hitWindows": [
                {
                    "offTime": 2.259999990463257,
                    "onTime": 2.059999942779541
                }
            ],
            "size": {
                "x": 3.200000047683716,
                "y": 8.0,
                "z": 4.0
            }
        },
        "LightAttack": {
            "centerOffset": {
                "x": 0.0,
                "y": 4.0,
                "z": -12.0
            },
            "hitWindows": [
                {
                    "offTime": 1.7200000286102295,
                    "onTime": 1.2599999904632568
                },
                {
                    "offTime": 2.319999933242798,
                    "onTime": 2.0999999046325684
                }
            ],
            "size": {
                "x": 8.0,
                "y": 8.0,
                "z": 8.0
            }
        },
        "StrongAttack": {
            "centerOffset": {
                "x": 0.0,
                "y": 4.0,
                "z": -12.0
            },
            "hitWindows": [
                {
                    "offTime": 1.399999976158142,
                    "onTime": 0.9599999785423279
                },
                {
                    "offTime": 2.119999885559082,
                    "onTime": 2.0
                }
            ],
            "size": {
                "x": 12.0,
                "y": 4.0,
                "z": 12.0
            }
        }
    },
    "BlockFalterState": [
        "Stun",
        "Teleport",
        "LightAttack",
        "StrongAttack",
        "ChargeAttack",
        "RushAttack"
    ],
    "CollisionBody0": {
        "OBB": {
            "center": {
                "x": 0.0,
                "y": 7.199999809265137,
                "z": 0.0
            },
            "eulerRotate": {
                "x": 0.0,
                "y": 0.0,
                "z": 0.0
            },
            "rotate": {
                "w": 1.0,
                "x": 0.0,
                "y": 0.0,
                "z": 0.0
            },
            "size": {
                "x": 3.5999999046325684,
                "y": 6.599999904632568,
                "z": 3.0
            }
        }
    },
    "DamageRandomRange": 64,
    "Damages": {
        "0": 0,
        "10": 400,
        "11": 300,
        "4": 400,
        "5": 600,
        "6": 600,
        "7": 450
    },
    "DistanceLevels": {
        "Far": 200.0,
        "Middle": 100.0,
        "Near": 60.0
    },
    "Material0": {
        "castShadow": 1,
        "color": {
            "a": 1.0,
            "b": 0.7436307668685913,
            "g": 0.9040382504463196,
            "r": 0.9784615635871887
        },
        "emissionColor": {
            "x": 1.0,
            "y": 1.0,
            "z": 1.0
        },
        "emissiveIntensity": 0.0,
        "enableBlinnPhongReflection": 0,
        "enableDithering": 0,
        "enableHalfLambert": 1,
        "enableImageBasedLighting": 0,
        "enableLighting": 1,
        "environmentCoefficient": 0.25,
        "phongRefShininess": 1.0,
        "shadowRate": 1.0,
        "specularColor": {
            "x": 1.0,
            "y": 1.0,
            "z": 1.0
        },
        "uvRotate": {
            "x": 0.0,
            "y": 0.0,
            "z": 0.0
        },
        "uvScale": {
            "x": 1.0,
            "y": 1.0,
            "z": 1.0
        },
        "uvTranslate": {
            "x": 0.0,
            "y": 0.0,
            "z": 0.0
        }
    },
    "ReFalterTimer": {
        "easeingType_": "EaseInSine",
        "target_": 16.0
    },
    "Transform": {
        "rotation": {
            "w": 1.0,
            "x": 0.0,
            "y": 0.0,
            "z": 0.0
        },
        "scale": {
            "x": 0.6399999856948853,
            "y": 0.6399999856948853,
            "z": 0.6399999856948853
        },
        "translation": {
            "x": 0.0,
            "y": 0.800000011920929,
            "z": 48.0
        }
    },
    "hpThresholds": [
        80,
        50
    ],
    "maxDestroyToughness": 100,
    "maxFalterCount": 6,
    "maxHP": 1280000
}