{
    "Keyframes": {
        "0": {
            "fovY": 0.6600000262260437,
            "rotation": {
                "w": 0.982792317867279,
                "x": 0.0679561048746109,
                "y": -0.17135021090507507,
                "z": 0.011848172172904015
            },
            "stayTime": 0.0,
            "translation": {
                "x": 14.050313949584961,
                "y": 13.82749080657959,
                "z": -1.0250240564346313
            }
        },
        "1": {
            "fovY": 0.7200000286102295,
            "rotation": {
                "w": 0.9916003942489624,
                "x": 0.0,
                "y": -0.12933926284313202,
                "z": 0.0
            },
            "stayTime": 0.0,
            "translation": {
                "x": 14.901947975158691,
                "y": 7.219455718994141,
                "z": -111.78275299072266
            }
        }
    },
    "Timer": {
        "easeingType_": "EaseOutSine",
        "target_": 2.0
    },
    "divisionCount": 128,
    "followRotation": true,
    "followTarget": true,
    "lerpType": "Linear",
    "name": "beginGameCameraSecond",
    "targetName": "platformRound",
    "useAveraging": true
}