{
    "Keyframes": {
        "0": {
            "fovY": 0.5400000214576721,
            "rotation": {
                "w": 0.9935786128044128,
                "x": 0.1131439134478569,
                "y": 7.40274197497115e-09,
                "z": 8.429876241500267e-10
            },
            "translation": {
                "x": -0.5013790130615234,
                "y": 16.74376678466797,
                "z": -34.47857666015625
            }
        },
        "1": {
            "fovY": 0.5799999833106995,
            "rotation": {
                "w": 0.9948386549949646,
                "x": 0.0999690368771553,
                "y": -0.013961875811219215,
                "z": -0.01036264281719923
            },
            "translation": {
                "x": 1.1523399353027344,
                "y": 18.31532096862793,
                "z": -38.51527404785156
            }
        },
        "2": {
            "fovY": 0.6000000238418579,
            "rotation": {
                "w": 0.9946094751358032,
                "x": 0.10337545722723007,
                "y": 0.0074430727399885654,
                "z": 0.0031793091911822557
            },
            "translation": {
                "x": -0.4401102066040039,
                "y": 19.566364288330078,
                "z": -40.72903823852539
            }
        },
        "3": {
            "fovY": 0.6000000238418579,
            "rotation": {
                "w": 0.9907321929931641,
                "x": 0.13547036051750183,
                "y": 0.00919882208108902,
                "z": -0.0035957114305347204
            },
            "translation": {
                "x": -0.5306682586669922,
                "y": 17.372522354125977,
                "z": -39.70183181762695
            }
        }
    },
    "Timer": {
        "easeingType_": "EaseInSine",
        "target_": 0.6399999856948853
    },
    "divisionCount": 64,
    "followRotation": true,
    "followTarget": true,
    "lerpType": "Spline",
    "targetName": "player",
    "useAveraging": true
}