{
    "Keyframes": {
        "0": {
            "fovY": 0.5400000214576721,
            "rotation": {
                "w": 0.9969016313552856,
                "x": 0.07865891605615616,
                "y": 7.427492842992933e-09,
                "z": 5.860534280088814e-10
            },
            "translation": {
                "x": -0.5013788342475891,
                "y": 9.262054443359375,
                "z": -26.933563232421875
            }
        },
        "1": {
            "fovY": 0.5400000214576721,
            "rotation": {
                "w": 0.995201051235199,
                "x": 0.09713780879974365,
                "y": -0.006460638251155615,
                "z": -0.00987208355218172
            },
            "translation": {
                "x": -0.49806296825408936,
                "y": 13.703214645385742,
                "z": -32.28662109375
            }
        },
        "2": {
            "fovY": 0.800000011920929,
            "rotation": {
                "w": 0.9938980937004089,
                "x": 0.10862124711275101,
                "y": 0.018638649955391884,
                "z": 0.004539517220109701
            },
            "translation": {
                "x": 0.5008233785629272,
                "y": 10.862481117248535,
                "z": -20.06854248046875
            }
        },
        "3": {
            "fovY": 0.5400000214576721,
            "rotation": {
                "w": 0.998316764831543,
                "x": 0.05799713730812073,
                "y": 0.0,
                "z": 0.0
            },
            "translation": {
                "x": 0.8050857186317444,
                "y": 9.601828575134277,
                "z": -34.010101318359375
            }
        }
    },
    "Timer": {
        "easeingType_": "EaseOutSine",
        "target_": 0.800000011920929
    },
    "divisionCount": 64,
    "followRotation": true,
    "followTarget": true,
    "lerpType": "Spline",
    "targetName": "player",
    "useAveraging": true
}