{
    "Keyframes": {
        "0": {
            "fovY": 0.5400000214576721,
            "rotation": {
                "w": 0.9954102635383606,
                "x": 0.07855705916881561,
                "y": 0.05448601394891739,
                "z": -0.004299303982406855
            },
            "translation": {
                "x": -3.447014808654785,
                "y": 9.282118797302246,
                "z": -26.792436599731445
            }
        },
        "1": {
            "fovY": 0.7200000286102295,
            "rotation": {
                "w": 0.9934922456741333,
                "x": 0.09993166476488113,
                "y": 0.05437779799103737,
                "z": -0.0054699028842151165
            },
            "translation": {
                "x": -2.3834433555603027,
                "y": 10.260529518127441,
                "z": -21.708358764648438
            }
        }
    },
    "Timer": {
        "easeingType_": "EaseOutExpo",
        "target_": 0.9599999785423279
    },
    "divisionCount": 64,
    "followRotation": true,
    "followTarget": true,
    "lerpType": "Spline",
    "objectName": "PlayerAttack_3rdState",
    "overallName": "AttackProgress_3rd",
    "targetName": "player",
    "useAveraging": true
}