{
    "Keyframes": {
        "0": {
            "fovY": 0.5400000214576721,
            "rotation": {
                "w": 0.9969016313552856,
                "x": 0.0786593109369278,
                "y": 1.1324881370455842e-06,
                "z": 2.0116564769523393e-07
            },
            "translation": {
                "x": -0.5017366409301758,
                "y": 9.276325225830078,
                "z": -26.984058380126953
            }
        },
        "1": {
            "fovY": 0.5400000214576721,
            "rotation": {
                "w": 0.9952022433280945,
                "x": 0.0971251130104065,
                "y": -0.0064601292833685875,
                "z": -0.00987171195447445
            },
            "translation": {
                "x": -0.4982004165649414,
                "y": 13.726283073425293,
                "z": -32.34721755981445
            }
        },
        "2": {
            "fovY": 0.800000011920929,
            "rotation": {
                "w": 0.9938981533050537,
                "x": 0.1086205542087555,
                "y": 0.018639979884028435,
                "z": 0.004539641086012125
            },
            "translation": {
                "x": 0.5015439987182617,
                "y": 10.87940788269043,
                "z": -20.101593017578125
            }
        },
        "3": {
            "fovY": 0.5400000214576721,
            "rotation": {
                "w": 0.9983168840408325,
                "x": 0.057995252311229706,
                "y": 4.4703477897201083e-07,
                "z": -1.3038514623531228e-07
            },
            "translation": {
                "x": 0.8062200546264648,
                "y": 9.616825103759766,
                "z": -34.063575744628906
            }
        }
    },
    "Timer": {
        "easeingType_": "EaseOutExpo",
        "target_": 0.6000000238418579
    },
    "divisionCount": 64,
    "followRotation": true,
    "followTarget": true,
    "lerpType": "Spline",
    "objectName": "PlayerAttack_3rdState",
    "overallName": "AttackProgress_3rd",
    "targetName": "player",
    "useAveraging": true
}