{
    "Keyframes": {
        "0": {
            "fovY": 0.47999998927116394,
            "rotation": {
                "w": 0.9978268146514893,
                "x": 0.059180401265621185,
                "y": 0.028921864926815033,
                "z": -0.00171634869184345
            },
            "translation": {
                "x": -4.572707176208496,
                "y": 11.258109092712402,
                "z": -35.558876037597656
            }
        },
        "1": {
            "fovY": 0.5400000214576721,
            "rotation": {
                "w": 0.9997124075889587,
                "x": 0.023981619626283646,
                "y": 2.2361057290254394e-06,
                "z": 1.1351949780191717e-07
            },
            "translation": {
                "x": -1.2526358366012573,
                "y": 9.289528846740723,
                "z": -35.427947998046875
            }
        }
    },
    "Timer": {
        "easeingType_": "EaseOutExpo",
        "target_": 0.6700000166893005
    },
    "divisionCount": 64,
    "followRotation": true,
    "followTarget": true,
    "lerpType": "Spline",
    "objectName": "PlayerAttack_3rdState",
    "overallName": "AttackProgress_3rd",
    "targetName": "player",
    "useAveraging": true
}