{
    "Keyframes": {
        "0": {
            "fovY": 0.5400000214576721,
            "rotation": {
                "w": 0.6934165358543396,
                "x": 0.046234130859375,
                "y": 0.7172839641571045,
                "z": -0.05039472132921219
            },
            "translation": {
                "x": -51.19276809692383,
                "y": 15.660871505737305,
                "z": 5.361484527587891
            }
        },
        "1": {
            "fovY": 0.6399999856948853,
            "rotation": {
                "w": 0.6842339634895325,
                "x": 0.05571601167321205,
                "y": 0.7247398495674133,
                "z": -0.05892254784703255
            },
            "translation": {
                "x": -48.246299743652344,
                "y": 15.104755401611328,
                "z": 4.556772232055664
            }
        },
        "2": {
            "fovY": 0.6399999856948853,
            "rotation": {
                "w": 0.6581141352653503,
                "x": 0.04285740479826927,
                "y": 0.7507816553115845,
                "z": -0.037093017250299454
            },
            "translation": {
                "x": -45.7132453918457,
                "y": 15.066879272460938,
                "z": 4.880195617675781
            }
        },
        "3": {
            "fovY": 0.5600000023841858,
            "rotation": {
                "w": 0.6593999266624451,
                "x": 0.04510998725891113,
                "y": 0.7488855123519897,
                "z": -0.04824284836649895
            },
            "translation": {
                "x": -42.55858612060547,
                "y": 14.685558319091797,
                "z": 4.012214660644531
            }
        }
    },
    "Timer": {
        "easeingType_": "EaseOutSine",
        "target_": 0.5
    },
    "divisionCount": 128,
    "followRotation": true,
    "followTarget": true,
    "lerpType": "Spline",
    "objectName": "PlayerAttack_4thState",
    "overallName": "AttackProgress_4th",
    "targetName": "player",
    "useAveraging": true
}