{
    "Keyframes": {
        "0": {
            "fovY": 0.5400000214576721,
            "rotation": {
                "w": 0.558657705783844,
                "x": 0.0488889142870903,
                "y": 0.8248041868209839,
                "z": -0.07217685878276825
            },
            "translation": {
                "x": -35.06866455078125,
                "y": 16.171913146972656,
                "z": 17.664859771728516
            }
        },
        "1": {
            "fovY": 0.47999998927116394,
            "rotation": {
                "w": 0.5965601205825806,
                "x": 0.06179169565439224,
                "y": 0.7959278225898743,
                "z": -0.08244296163320541
            },
            "translation": {
                "x": -45.74567794799805,
                "y": 19.20362091064453,
                "z": 17.768775939941406
            }
        }
    },
    "Timer": {
        "easeingType_": "EaseOutSine",
        "target_": 0.5
    },
    "divisionCount": 128,
    "followRotation": true,
    "followTarget": true,
    "lerpType": "Spline",
    "objectName": "PlayerAttack_4thState",
    "overallName": "AttackProgress_4th",
    "targetName": "player",
    "useAveraging": true
}