{
    "Keyframes": {
        "0": {
            "fovY": 0.800000011920929,
            "rotation": {
                "w": 0.9966526031494141,
                "x": 0.051673054695129395,
                "y": 0.06334973126649857,
                "z": 0.000598295999225229
            },
            "translation": {
                "x": -10.95186996459961,
                "y": 11.824909210205078,
                "z": -24.094886779785156
            }
        },
        "1": {
            "fovY": 0.8399999737739563,
            "rotation": {
                "w": 0.9910606145858765,
                "x": 0.11822468787431717,
                "y": 0.06174656003713608,
                "z": 0.003041198942810297
            },
            "translation": {
                "x": -11.23012924194336,
                "y": 19.737680435180664,
                "z": -23.503692626953125
            }
        },
        "2": {
            "fovY": 0.6399999856948853,
            "rotation": {
                "w": 0.9835983514785767,
                "x": 0.055120132863521576,
                "y": 0.17160223424434662,
                "z": 0.006992984563112259
            },
            "translation": {
                "x": -11.461666107177734,
                "y": 12.722430229187012,
                "z": -21.569822311401367
            }
        },
        "3": {
            "fovY": 0.5299999713897705,
            "rotation": {
                "w": 0.9852831363677979,
                "x": 0.08099862188100815,
                "y": 0.1493544727563858,
                "z": -0.018698660656809807
            },
            "translation": {
                "x": -9.06453800201416,
                "y": 10.065496444702148,
                "z": -23.924022674560547
            }
        }
    },
    "Timer": {
        "easeingType_": "EaseOutExpo",
        "target_": 0.6399999856948853
    },
    "divisionCount": 64,
    "followRotation": true,
    "followTarget": true,
    "lerpType": "Spline",
    "objectName": "PlayerAttack_4thState",
    "overallName": "AttackProgress_4th",
    "targetName": "player",
    "useAveraging": true
}