{
    "Keyframes": {
        "0": {
            "fovY": 0.800000011920929,
            "rotation": {
                "w": 0.996652364730835,
                "x": 0.0516757108271122,
                "y": 0.06335087865591049,
                "z": 0.0005983106093481183
            },
            "translation": {
                "x": -10.933229446411133,
                "y": 11.809173583984375,
                "z": -24.056640625
            }
        },
        "1": {
            "fovY": 0.8399999737739563,
            "rotation": {
                "w": 0.9910600185394287,
                "x": 0.1182294487953186,
                "y": 0.06174636259675026,
                "z": 0.003041603835299611
            },
            "translation": {
                "x": -11.211769104003906,
                "y": 19.712257385253906,
                "z": -23.465576171875
            }
        },
        "2": {
            "fovY": 0.6399999856948853,
            "rotation": {
                "w": 0.9835979342460632,
                "x": 0.05511988326907158,
                "y": 0.17160432040691376,
                "z": 0.006992860231548548
            },
            "translation": {
                "x": -11.442451477050781,
                "y": 12.705255508422852,
                "z": -21.535430908203125
            }
        },
        "3": {
            "fovY": 0.5299999713897705,
            "rotation": {
                "w": 0.9852833151817322,
                "x": 0.08099900186061859,
                "y": 0.14935323596000671,
                "z": -0.01869831793010235
            },
            "translation": {
                "x": -9.050789833068848,
                "y": 10.051748275756836,
                "z": -23.8841552734375
            }
        }
    },
    "Timer": {
        "easeingType_": "EaseInSine",
        "target_": 0.6399999856948853
    },
    "divisionCount": 64,
    "followRotation": true,
    "followTarget": true,
    "lerpType": "Spline",
    "objectName": "PlayerAttack_4thState",
    "overallName": "Attack Progress_4th",
    "targetName": "player",
    "useAveraging": true
}