{
    "Keyframes": {
        "0": {
            "fovY": 0.6000000238418579,
            "rotation": {
                "w": 0.9456919431686401,
                "x": -0.24446989595890045,
                "y": -0.21323168277740479,
                "z": -0.020819637924432755
            },
            "stayTime": 0.0,
            "translation": {
                "x": 16.690048217773438,
                "y": 59.73169708251953,
                "z": 16.87163543701172
            }
        },
        "1": {
            "fovY": 0.6136124134063721,
            "rotation": {
                "w": 0.9212633371353149,
                "x": -0.31170472502708435,
                "y": -0.22665400803089142,
                "z": -0.052364129573106766
            },
            "stayTime": 0.0,
            "translation": {
                "x": 17.088207244873047,
                "y": 49.29605484008789,
                "z": 15.083992004394531
            }
        },
        "2": {
            "fovY": 0.6600000262260437,
            "rotation": {
                "w": 0.9779109358787537,
                "x": 0.11385094374418259,
                "y": -0.17436747252941132,
                "z": 0.01800490915775299
            },
            "stayTime": 0.0,
            "translation": {
                "x": 15.38459300994873,
                "y": 18.933712005615234,
                "z": 10.176340103149414
            }
        },
        "3": {
            "fovY": 0.6600000262260437,
            "rotation": {
                "w": 0.9827994108200073,
                "x": 0.06810326129198074,
                "y": -0.1712503731250763,
                "z": 0.01185852475464344
            },
            "stayTime": 0.0,
            "translation": {
                "x": 16.232730865478516,
                "y": 14.044975280761719,
                "z": 6.414985179901123
            }
        },
        "4": {
            "fovY": 0.6600000262260437,
            "rotation": {
                "w": 0.982792317867279,
                "x": 0.0679561048746109,
                "y": -0.17135021090507507,
                "z": 0.011848172172904015
            },
            "stayTime": 0.0,
            "translation": {
                "x": 14.050313949584961,
                "y": 13.82749080657959,
                "z": -1.0250240564346313
            }
        },
        "5": {
            "fovY": 0.7200000286102295,
            "rotation": {
                "w": 0.9993339776992798,
                "x": 0.03649216517806053,
                "y": 0.0,
                "z": 0.0
            },
            "stayTime": 0.07999999821186066,
            "translation": {
                "x": 0.9043514728546143,
                "y": 12.226119995117188,
                "z": -6.661362648010254
            }
        }
    },
    "Timer": {
        "easeingType_": "EaseOutCubic",
        "target_": 3.5
    },
    "divisionCount": 128,
    "followRotation": true,
    "followTarget": true,
    "lerpType": "Spline",
    "objectName": "BeginGame",
    "overallName": "beginGameCameraFirst",
    "targetName": "platformRound",
    "useAveraging": true
}