{
    "Keyframes": {
        "0": {
            "fovY": 0.6399999856948853,
            "rotation": {
                "w": 0.997976541519165,
                "x": -0.00592627190053463,
                "y": -0.06277786195278168,
                "z": -0.0081696892157197
            },
            "stayTime": 0.07999999821186066,
            "translation": {
                "x": 3.648190498352051,
                "y": 10.479724884033203,
                "z": -18.571735382080078
            }
        },
        "1": {
            "fovY": 0.6800000071525574,
            "rotation": {
                "w": 0.9948950409889221,
                "x": -0.002545482711866498,
                "y": -0.10082197934389114,
                "z": -0.0035090865567326546
            },
            "stayTime": 0.0,
            "translation": {
                "x": 10.071182250976563,
                "y": 8.618952751159668,
                "z": -71.77117156982422
            }
        },
        "2": {
            "fovY": 0.7200000286102295,
            "rotation": {
                "w": 0.9916003942489624,
                "x": 0.0,
                "y": -0.12933926284313202,
                "z": 0.0
            },
            "stayTime": 0.0,
            "translation": {
                "x": 14.901947975158691,
                "y": 7.219455718994141,
                "z": -111.78275299072266
            }
        }
    },
    "Timer": {
        "easeingType_": "EaseOutCubic",
        "target_": 1.6799999475479126
    },
    "divisionCount": 128,
    "followRotation": true,
    "followTarget": true,
    "lerpType": "Spline",
    "objectName": "BeginGame",
    "overallName": "beginGameCameraSecond",
    "targetName": "platformRound",
    "useAveraging": true
}