{
    "Keyframes": {
        "0": {
            "fovY": 0.5400000214576721,
            "rotation": {
                "w": 0.998515248298645,
                "x": 0.05447302386164665,
                "y": 0.0,
                "z": 0.0
            },
            "translation": {
                "x": 0.0,
                "y": 17.121341705322266,
                "z": -95.90032958984375
            }
        },
        "1": {
            "fovY": 0.47999998927116394,
            "rotation": {
                "w": 0.998515248298645,
                "x": 0.05447302386164665,
                "y": 0.0,
                "z": 0.0
            },
            "translation": {
                "x": 0.0,
                "y": 16.440690994262695,
                "z": -90.67634582519531
            }
        },
        "2": {
            "fovY": 0.47999998927116394,
            "rotation": {
                "w": 0.998515248298645,
                "x": 0.05447302386164665,
                "y": 0.0,
                "z": 0.0
            },
            "translation": {
                "x": 0.0,
                "y": 15.828997611999512,
                "z": -84.814453125
            }
        },
        "3": {
            "fovY": 0.47999998927116394,
            "rotation": {
                "w": 0.998515248298645,
                "x": 0.05447302386164665,
                "y": 0.0,
                "z": 0.0
            },
            "translation": {
                "x": 0.0,
                "y": 15.237774848937988,
                "z": -80.12582397460938
            }
        },
        "4": {
            "fovY": 0.47999998927116394,
            "rotation": {
                "w": 0.998515248298645,
                "x": 0.05447302386164665,
                "y": 0.0,
                "z": 0.0
            },
            "translation": {
                "x": 0.0,
                "y": 14.613519668579102,
                "z": -75.90969848632813
            }
        }
    },
    "Timer": {
        "easeingType_": "EaseInSine",
        "target_": 1.2
    },
    "divisionCount": 64,
    "followRotation": true,
    "followTarget": true,
    "lerpType": "Spline",
    "objectName": "bossEnemy",
    "overallName": "followMove",
    "targetName": "bossEnemy",
    "useAveraging": true
}