{
    "Keyframes": {
        "0": {
            "fovY": 0.8799999952316284,
            "rotation": {
                "w": -0.9598174095153809,
                "x": 0.044949792325496674,
                "y": 0.27459287643432617,
                "z": 0.03645268827676773
            },
            "translation": {
                "x": 8.807588577270508,
                "y": 3.2970685958862305,
                "z": -7.613008499145508
            }
        },
        "1": {
            "fovY": 0.6000000238418579,
            "rotation": {
                "w": -0.9765440821647644,
                "x": 0.0825970247387886,
                "y": 0.19741307199001312,
                "z": 0.02382221817970276
            },
            "translation": {
                "x": 11.180285453796387,
                "y": 1.9796206951141357,
                "z": -17.481060028076172
            }
        }
    },
    "Timer": {
        "easeingType_": "EaseOutExpo",
        "target_": 0.800000011920929
    },
    "divisionCount": 64,
    "followRotation": true,
    "followTarget": true,
    "lerpType": "Spline",
    "objectName": "ParryState",
    "overallName": "ParryRightView",
    "targetName": "player",
    "useAveraging": true
}