{
    "Keyframes": {
        "0": {
            "fovY": 0.8799999952316284,
            "rotation": {
                "w": -0.9598174095153809,
                "x": 0.044949792325496674,
                "y": 0.27459287643432617,
                "z": 0.03645268827676773
            },
            "translation": {
                "x": 8.807588577270508,
                "y": 3.2970685958862305,
                "z": -7.613008499145508
            }
        }
    },
    "Timer": {
        "easeingType_": "EaseOutQuint",
        "target_": 0.7
    },
    "divisionCount": 64,
    "followRotation": true,
    "followTarget": true,
    "lerpType": "Spline",
    "objectName": "ParryState",
    "overallName": "ParryRightView",
    "targetName": "player",
    "useAveraging": true
}