{
    "Keyframes": {
        "0": {
            "fovY": 0.47999998927116394,
            "rotation": {
                "w": 0.9778703451156616,
                "x": 0.07007439434528351,
                "y": 0.19653883576393127,
                "z": -0.015219522640109062
            },
            "translation": {
                "x": -2.9018826484680176,
                "y": 8.077614784240723,
                "z": -16.096004486083984
            }
        },
        "1": {
            "fovY": 0.6850000023841858,
            "rotation": {
                "w": 0.9772830605506897,
                "x": 0.07638281583786011,
                "y": 0.19700367748737335,
                "z": -0.016526278108358383
            },
            "translation": {
                "x": -0.5466022491455078,
                "y": 6.067760944366455,
                "z": -14.207061767578125
            }
        },
        "2": {
            "fovY": 0.6600000262260437,
            "rotation": {
                "w": 0.9737212657928467,
                "x": 0.07749829441308975,
                "y": 0.21312955021858215,
                "z": -0.020898791030049324
            },
            "translation": {
                "x": -2.552414894104004,
                "y": 8.122838020324707,
                "z": -15.953544616699219
            }
        }
    },
    "Timer": {
        "easeingType_": "EaseOutQuad",
        "target_": 1.0
    },
    "divisionCount": 80,
    "followRotation": true,
    "followTarget": true,
    "lerpType": "Spline",
    "objectName": "PlayerSkilAttackState",
    "overallName": "SkillProgress",
    "targetName": "player",
    "useAveraging": true
}