{
    "Keyframes": {
        "0": {
            "fovY": 0.5400000214576721,
            "rotation": {
                "w": 0.9974617958068848,
                "x": 0.07120402902364731,
                "y": 1.8849618754757103e-08,
                "z": -4.358298610895872e-09
            },
            "translation": {
                "x": 0.1175832450389862,
                "y": 16.310558319091797,
                "z": -43.30135726928711
            }
        },
        "1": {
            "fovY": 0.6000000238418579,
            "rotation": {
                "w": 0.930547833442688,
                "x": 0.09715718775987625,
                "y": 0.3502625524997711,
                "z": -0.044242966920137405
            },
            "translation": {
                "x": -39.50440216064453,
                "y": 18.78287696838379,
                "z": -41.16691589355469
            }
        },
        "10": {
            "fovY": 0.699999988079071,
            "rotation": {
                "w": 0.9667220711708069,
                "x": 0.0036608173977583647,
                "y": -0.25517046451568604,
                "z": -0.01797725260257721
            },
            "translation": {
                "x": 22.74627113342285,
                "y": 10.163104057312012,
                "z": -29.41700553894043
            }
        },
        "11": {
            "fovY": 1.2000000476837158,
            "rotation": {
                "w": 0.9886488914489746,
                "x": 0.09057167172431946,
                "y": -0.11953555047512054,
                "z": 0.009023514576256275
            },
            "translation": {
                "x": 4.983509540557861,
                "y": 8.620763778686523,
                "z": -6.653513431549072
            }
        },
        "12": {
            "fovY": 0.800000011920929,
            "rotation": {
                "w": 0.9868167638778687,
                "x": 0.11860862374305725,
                "y": -0.10811401903629303,
                "z": 0.02088216319680214
            },
            "translation": {
                "x": 12.102724075317383,
                "y": 7.4988579750061035,
                "z": -12.87073040008545
            }
        },
        "2": {
            "fovY": 0.6399999856948853,
            "rotation": {
                "w": 0.8177967667579651,
                "x": 0.029114490374922752,
                "y": 0.5727239847183228,
                "z": -0.04845514893531799
            },
            "translation": {
                "x": -49.05864715576172,
                "y": 15.566971778869629,
                "z": -23.494735717773438
            }
        },
        "3": {
            "fovY": 0.5400000214576721,
            "rotation": {
                "w": 0.44717541337013245,
                "x": 0.028552740812301636,
                "y": 0.892488956451416,
                "z": -0.05179164931178093
            },
            "translation": {
                "x": -60.1644172668457,
                "y": 16.612993240356445,
                "z": 20.011016845703125
            }
        },
        "4": {
            "fovY": 0.44999998807907104,
            "rotation": {
                "w": 0.3208483159542084,
                "x": 0.027505680918693542,
                "y": 0.9449366331100464,
                "z": -0.05826356261968613
            },
            "translation": {
                "x": -38.576210021972656,
                "y": 17.053712844848633,
                "z": 38.395286560058594
            }
        },
        "5": {
            "fovY": 0.5,
            "rotation": {
                "w": 0.15302130579948425,
                "x": -0.01713065430521965,
                "y": 0.984129786491394,
                "z": -0.08820249140262604
            },
            "translation": {
                "x": -28.072181701660156,
                "y": 17.731355667114258,
                "z": 46.96873474121094
            }
        },
        "6": {
            "fovY": 0.5400000214576721,
            "rotation": {
                "w": -0.009463062509894371,
                "x": -0.03184458613395691,
                "y": 0.9967523217201233,
                "z": -0.07335703074932098
            },
            "translation": {
                "x": -4.713281631469727,
                "y": 16.28669548034668,
                "z": 49.351505279541016
            }
        },
        "7": {
            "fovY": 0.5400000214576721,
            "rotation": {
                "w": -0.2334098368883133,
                "x": -0.043262284249067307,
                "y": 0.96818608045578,
                "z": -0.07914546132087708
            },
            "translation": {
                "x": 25.228660583496094,
                "y": 17.732261657714844,
                "z": 52.98212432861328
            }
        },
        "8": {
            "fovY": 0.5400000214576721,
            "rotation": {
                "w": 0.5708128213882446,
                "x": 0.06781014055013657,
                "y": -0.8159411549568176,
                "z": 0.061762578785419464
            },
            "translation": {
                "x": 55.78786849975586,
                "y": 18.141845703125,
                "z": 15.284762382507324
            }
        },
        "9": {
            "fovY": 0.6000000238418579,
            "rotation": {
                "w": 0.8437004089355469,
                "x": 0.02169877104461193,
                "y": -0.5340719819068909,
                "z": 0.04965852573513985
            },
            "translation": {
                "x": 45.23992156982422,
                "y": 12.912181854248047,
                "z": -13.653467178344727
            }
        }
    },
    "Timer": {
        "easeingType_": "EaseOutQuart",
        "target_": 2.0
    },
    "divisionCount": 80,
    "followRotation": true,
    "followTarget": true,
    "lerpType": "Spline",
    "targetName": "player",
    "useAveraging": true
}