{
    "Keyframes": {
        "0": {
            "fovY": 0.5400000214576721,
            "rotation": {
                "w": 1.0,
                "x": 0.0,
                "y": 7.450580596923828e-09,
                "z": 0.0
            },
            "translation": {
                "x": -0.5013788342475891,
                "y": 5.479460716247559,
                "z": -27.288219451904297
            }
        },
        "1": {
            "fovY": 0.5400000214576721,
            "rotation": {
                "w": 0.757045328617096,
                "x": 0.007890056818723679,
                "y": 0.6530293822288513,
                "z": -0.019310349598526955
            },
            "translation": {
                "x": -38.731178283691406,
                "y": 6.835233688354492,
                "z": -2.5593583583831787
            }
        },
        "2": {
            "fovY": 0.5400000214576721,
            "rotation": {
                "w": -0.01578465849161148,
                "x": 0.0023939316160976887,
                "y": 0.9998636841773987,
                "z": 0.004216878209263086
            },
            "translation": {
                "x": 0.3351476490497589,
                "y": 6.651402473449707,
                "z": 56.933929443359375
            }
        },
        "3": {
            "fovY": 0.5400000214576721,
            "rotation": {
                "w": 0.6923785209655762,
                "x": 0.06864504516124725,
                "y": -0.7151807546615601,
                "z": 0.06645537167787552
            },
            "translation": {
                "x": 51.474151611328125,
                "y": 12.096975326538086,
                "z": 2.735292911529541
            }
        }
    },
    "Timer": {
        "easeingType_": "EaseInSine",
        "target_": 3.799999952316284
    },
    "divisionCount": 64,
    "followRotation": true,
    "followTarget": true,
    "lerpType": "None",
    "objectName": "objectName",
    "overallName": "overallName",
    "targetName": "player",
    "useAveraging": false
}