{
    "Keyframes": {
        "0": {
            "fovY": 0.5400000214576721,
            "rotation": {
                "w": 1.0,
                "x": 0.0,
                "y": 0.0,
                "z": 0.0
            },
            "translation": {
                "x": 0.39840078353881836,
                "y": 2.369100570678711,
                "z": -13.939420700073242
            }
        },
        "1": {
            "fovY": 0.5400000214576721,
            "rotation": {
                "w": 1.0,
                "x": 0.0,
                "y": 0.0,
                "z": 0.0
            },
            "translation": {
                "x": -10.909422874450684,
                "y": 0.052978817373514175,
                "z": -6.428366661071777
            }
        },
        "2": {
            "fovY": 0.5400000214576721,
            "rotation": {
                "w": 1.0,
                "x": 0.0,
                "y": 0.0,
                "z": 0.0
            },
            "translation": {
                "x": -5.043046474456787,
                "y": 3.9948372840881348,
                "z": 10.282613754272461
            }
        },
        "3": {
            "fovY": 0.5400000214576721,
            "rotation": {
                "w": 1.0,
                "x": 0.0,
                "y": 0.0,
                "z": 0.0
            },
            "translation": {
                "x": 19.850255966186523,
                "y": 0.0,
                "z": -0.5063743591308594
            }
        }
    },
    "Timer": {
        "easeingType_": "EaseInSine",
        "target_": 0.0
    },
    "divisionCount": 64,
    "followTarget": true,
    "lerpType": "Spline",
    "targetName": "player",
    "useAveraging": false
}