{
    "Keyframes": {
        "0": {
            "fovY": 0.5400000214576721,
            "rotation": {
                "w": 1.0,
                "x": 0.0,
                "y": 0.0,
                "z": 0.0
            },
            "translation": {
                "x": 0.39840078353881836,
                "y": 5.475522041320801,
                "z": -28.362457275390625
            }
        },
        "1": {
            "fovY": 0.5400000214576721,
            "rotation": {
                "w": 0.9053261280059814,
                "x": 0.012813923880457878,
                "y": 0.4242045283317566,
                "z": -0.01646139845252037
            },
            "translation": {
                "x": -27.213354110717773,
                "y": 6.826590538024902,
                "z": -17.103973388671875
            }
        },
        "2": {
            "fovY": 0.5400000214576721,
            "rotation": {
                "w": 0.3450411856174469,
                "x": 0.10616698861122131,
                "y": 0.9295809268951416,
                "z": -0.07452847808599472
            },
            "translation": {
                "x": -17.862037658691406,
                "y": 9.673199653625488,
                "z": 17.369598388671875
            }
        },
        "3": {
            "fovY": 0.5400000214576721,
            "rotation": {
                "w": 0.6923786401748657,
                "x": 0.06864482909440994,
                "y": -0.7151806354522705,
                "z": 0.06645622104406357
            },
            "translation": {
                "x": 41.43901062011719,
                "y": 9.00260066986084,
                "z": -0.506378173828125
            }
        }
    },
    "Timer": {
        "easeingType_": "EaseInSine",
        "target_": 3.799999952316284
    },
    "divisionCount": 64,
    "followTarget": true,
    "lerpType": "Spline",
    "targetName": "player",
    "useAveraging": false
}