{
    "timerTranslation_": {
        "x": 268.0,
        "y": 540.0
    },
    "timerOffsetX_": 168.0,
    "randomTimeMax_": 1000000.0,
    "randomSwitchCount_": 32,
    "randomSwitchBias_": 3.200000047683716,
    "timeResultOffsetScale_": 24.0,
    "timeResultSizeScale_": 5.400000095367432,
    "timerSize_": {
        "x": 320.0,
        "y": 320.0
    },
    "timerSymbolSize_": {
        "x": 192.0,
        "y": 192.0
    },
    "buttonSize_": {
        "x": 256.0,
        "y": 54.0
    },
    "RandomDisplayTime": {
        "easeingType_": "EaseInSine",
        "target_": 2.4000000953674316
    },
    "DisplayWaitTime": {
        "easeingType_": "EaseInSine",
        "target_": 0.7200000286102295
    },
    "LeftButton": {
        "AnyMouseClick": {
            "baseSize_": {
                "x": 256.0,
                "y": 54.0
            },
            "colorLoop": {
                "loop": {
                    "loopCount": 2,
                    "type": "PingPong"
                }
            },
            "endEasing_": "EaseOutQuint",
            "endTime_": 0.1599999964237213,
            "loopEasing_": "EaseOutExpo",
            "loopSpacing_": 0.4699999988079071,
            "maxScale_": 1.2000000476837158,
            "smallScale_": 1.0,
            "startColor_": {
                "a": 1.0,
                "b": 0.05098039284348488,
                "g": 0.8470588326454163,
                "r": 0.8980392217636108
            },
            "targetColor_": {
                "a": 1.0,
                "b": 0.05098039284348488,
                "g": 0.8980392217636108,
                "r": 0.6039215922355652
            }
        },
        "Focus": {
            "baseSize_": {
                "x": 256.0,
                "y": 54.0
            },
            "colorLoop": {
                "loop": {
                    "loopCount": 2,
                    "type": "PingPong"
                }
            },
            "endEasing_": "EaseOutQuint",
            "endTime_": 0.1599999964237213,
            "loopEasing_": "EaseOutExpo",
            "loopSpacing_": 0.4699999988079071,
            "maxScale_": 1.2000000476837158,
            "smallScale_": 1.0,
            "startColor_": {
                "a": 1.0,
                "b": 0.05098039284348488,
                "g": 0.8470588326454163,
                "r": 0.8980392217636108
            },
            "targetColor_": {
                "a": 1.0,
                "b": 0.05098039284348488,
                "g": 0.8980392217636108,
                "r": 0.6039215922355652
            }
        },
        "checkCollisionEnable_": true,
        "collisionSize_": {
            "x": 400.0,
            "y": 96.0
        },
        "collisionType_": "Mouse",
        "mouseButton_": "Left",
        "responseType_": "AnyMouseClick"
    },
    "RightButton": {
        "AnyMouseClick": {
            "baseSize_": {
                "x": 256.0,
                "y": 54.0
            },
            "colorLoop": {
                "loop": {
                    "loopCount": 2,
                    "type": "PingPong"
                }
            },
            "endEasing_": "EaseOutQuint",
            "endTime_": 0.1599999964237213,
            "loopEasing_": "EaseOutExpo",
            "loopSpacing_": 0.4699999988079071,
            "maxScale_": 1.2000000476837158,
            "smallScale_": 1.0,
            "startColor_": {
                "a": 1.0,
                "b": 0.05098039284348488,
                "g": 0.8470588326454163,
                "r": 0.8980392217636108
            },
            "targetColor_": {
                "a": 1.0,
                "b": 0.05098039284348488,
                "g": 0.8980392217636108,
                "r": 0.6039215922355652
            }
        },
        "Focus": {
            "baseSize_": {
                "x": 256.0,
                "y": 54.0
            },
            "colorLoop": {
                "loop": {
                    "loopCount": 2,
                    "type": "PingPong"
                }
            },
            "endEasing_": "EaseOutQuint",
            "endTime_": 0.1599999964237213,
            "loopEasing_": "EaseOutExpo",
            "loopSpacing_": 0.4699999988079071,
            "maxScale_": 1.2000000476837158,
            "smallScale_": 1.0,
            "startColor_": {
                "a": 1.0,
                "b": 0.05098039284348488,
                "g": 0.8470588326454163,
                "r": 0.8980392217636108
            },
            "targetColor_": {
                "a": 1.0,
                "b": 0.05098039284348488,
                "g": 0.8980392217636108,
                "r": 0.6039215922355652
            }
        },
        "checkCollisionEnable_": true,
        "collisionSize_": {
            "x": 400.0,
            "y": 96.0
        },
        "collisionType_": "Mouse",
        "mouseButton_": "Left",
        "responseType_": "AnyMouseClick"
    },
    "ClearPosAnim": {
        "loop": {
            "loopCount": 1,
            "type": "Repeat"
        },
        "Timer": {
            "target_": 0.6399999856948853,
            "easeingType_": "EaseInCubic"
        },
        "move_.start": {
            "x": 960.0,
            "y": 720.0
        },
        "move_.end": {
            "x": 960.0,
            "y": 360.0
        }
    },
    "ClearSizeAnim": {
        "loop": {
            "loopCount": 1,
            "type": "Repeat"
        },
        "Timer": {
            "target_": 0.3199999928474426,
            "easeingType_": "EaseOutQuint"
        },
        "move_.start": {
            "x": 0.0,
            "y": 96.0
        },
        "move_.end": {
            "x": 592.0,
            "y": 128.0
        }
    },
    "ClearTimePosAnim": {
        "loop": {
            "loopCount": 1,
            "type": "Repeat"
        },
        "Timer": {
            "target_": 1.440000057220459,
            "easeingType_": "EaseInOutQuart"
        },
        "move_.start": {
            "x": 1280.0,
            "y": 550.0
        },
        "move_.end": {
            "x": 800.0,
            "y": 550.0
        }
    },
    "LeftButtonPosAnim": {
        "loop": {
            "loopCount": 1,
            "type": "Repeat"
        },
        "Timer": {
            "target_": 1.600000023841858,
            "easeingType_": "EaseOutQuint"
        },
        "move_.start": {
            "x": 1600.0,
            "y": 700.0
        },
        "move_.end": {
            "x": 720.0,
            "y": 700.0
        }
    },
    "RightButtonPosAnim": {
        "loop": {
            "loopCount": 1,
            "type": "Repeat"
        },
        "Timer": {
            "target_": 1.600000023841858,
            "easeingType_": "EaseOutQuint"
        },
        "move_.start": {
            "x": 1720.0,
            "y": 700.0
        },
        "move_.end": {
            "x": 1200.0,
            "y": 700.0
        }
    }
}