{
    "color": {
        "x": 0.007863101549446583,
        "y": 0.1819484680891037,
        "z": 0.7247925996780396
    },
    "edgeScale": 128.0,
    "threshold": 0.5
}