{
    "color": {
        "x": 0.6490108370780945,
        "y": 0.35284295678138733,
        "z": 0.053635526448488235
    },
    "edgeScale": 0.009999999776482582,
    "threshold": 5.300000190734863
}