{
    "ditherColor": {
        "a": 0.0784313753247261,
        "b": 0.7921568751335144,
        "g": 0.3450980484485626,
        "r": 0.03529411926865578
    },
    "divisor": 3.7200000286102295,
    "emissionColor": {
        "x": 0.0167539119720459,
        "y": 0.6012048721313477,
        "z": 0.6250797510147095
    },
    "emissionIntensity": 11.3100004196167
}