{
    "Attack_1st": {
        "MoveTimer": {
            "easeingType_": "EaseInExpo",
            "target_": 0.15000000596046448
        },
        "attackLookAtCircleRange_": 108.0,
        "attackOffsetTranslation_": 8.0,
        "attackPosEaseType_": 14,
        "attackPosLerpCircleRange_": 40.0,
        "attackPosLerpTime_": 0.4399999976158142,
        "exitTime_": 0.029999999329447746,
        "moveValue_": 24.0,
        "nextAnimDuration_": 0.019999999552965164,
        "rotationLerpRate_": 0.46000000834465027
    },
    "Attack_2nd": {
        "approachForwardDistance_": 34.099998474121094,
        "approachLeftPointAngle_": 0.09000000357627869,
        "approachRightPointAngle_": 0.6100000143051147,
        "approachSwayLength_": -8.720000267028809,
        "attackLookAtCircleRange_": 108.0,
        "attackOffsetTranslation_": 8.0,
        "attackPosEaseType_": 14,
        "attackPosLerpCircleRange_": 40.0,
        "attackPosLerpTime_": 0.47999998927116394,
        "exitTime_": 0.05999999865889549,
        "leftPointAngle_": 0.6399999856948853,
        "nextAnimDuration_": 0.04800000041723251,
        "rightPointAngle_": 0.9200000166893005,
        "rotationLerpRate_": 0.4000000059604645,
        "swayRate_": -0.1599999964237213
    },
    "Attack_3rd": {
        "BackMoveTimer": {
            "easeingType_": "EaseInExpo",
            "target_": 0.11999999731779099
        },
        "CatchMoveTimer": {
            "easeingType_": "EaseOutExpo",
            "target_": 0.1599999964237213
        },
        "Weapon": {
            "Left": {
                "moveValue": 80.0,
                "offsetRotationY": 0.5400000214576721,
                "rotateSpeed": 1.600000023841858
            },
            "Right": {
                "moveValue": 80.0,
                "offsetRotationY": -0.5400000214576721,
                "rotateSpeed": 1.600000023841858
            }
        },
        "WeaponMoveTimer": {
            "easeingType_": "EaseOutExpo",
            "target_": 0.09000000357627869
        },
        "attackLookAtCircleRange_": 108.0,
        "attackOffsetTranslation_": 8.0,
        "attackPosEaseType_": 14,
        "attackPosLerpCircleRange_": 40.0,
        "attackPosLerpTime_": 0.4399999976158142,
        "backMoveValue_": -48.0,
        "bossEnemyDistance_": 8.600000381469727,
        "exitTime_": 0.019999999552965164,
        "nextAnimDuration_": 0.07999999821186066,
        "rotationLerpRate_": 0.46000000834465027,
        "weaponPosY_": 2.0
    },
    "Attack_4th": {
        "MoveTimer": {
            "easeingType_": "EaseOutExpo",
            "target_": 0.800000011920929
        },
        "attackLookAtCircleRange_": 108.0,
        "attackOffsetTranslation_": 8.0,
        "attackPosEaseType_": 14,
        "attackPosLerpCircleRange_": 40.0,
        "attackPosLerpTime_": 0.4399999976158142,
        "exitTime_": 0.10000000149011612,
        "moveValue_": 24.0,
        "nextAnimDuration_": 0.01600000075995922,
        "rotationLerpRate_": 0.46000000834465027
    },
    "Avoid": {
        "easingType_": 11,
        "lerpTime_": 0.25999999046325684,
        "moveDistance_": -32.0,
        "nextAnimDuration_": 0.019999999552965164
    },
    "Conditions": {
        "Attack_1st": {
            "allowedPreState": [],
            "chainInputTime": 0.0,
            "coolTime": 1.0,
            "interruptableBy": []
        },
        "Attack_2nd": {
            "allowedPreState": [
                5
            ],
            "chainInputTime": 0.6399999856948853,
            "coolTime": 0.0,
            "interruptableBy": []
        },
        "Attack_3rd": {
            "allowedPreState": [
                6
            ],
            "chainInputTime": 0.6399999856948853,
            "coolTime": 0.0,
            "interruptableBy": []
        },
        "Attack_4th": {
            "allowedPreState": [
                7
            ],
            "chainInputTime": 0.6399999856948853,
            "coolTime": 0.0,
            "interruptableBy": []
        },
        "Avoid": {
            "allowedPreState": [],
            "chainInputTime": 0.0,
            "coolTime": 0.3199999928474426,
            "interruptableBy": [
                1,
                2,
                5,
                6,
                7,
                8
            ]
        },
        "Dash": {
            "allowedPreState": [],
            "chainInputTime": 0.0,
            "coolTime": 0.3199999928474426,
            "interruptableBy": [
                5,
                6,
                2,
                1,
                7,
                8
            ]
        },
        "Idle": {
            "allowedPreState": [],
            "chainInputTime": 0.0,
            "coolTime": 0.0,
            "interruptableBy": []
        },
        "Parry": {
            "allowedPreState": [],
            "chainInputTime": 0.0,
            "coolTime": 0.23999999463558197,
            "interruptableBy": [
                5,
                6,
                7,
                8,
                3,
                2,
                1
            ]
        },
        "SkilAttack": {
            "allowedPreState": [],
            "chainInputTime": 0.0,
            "coolTime": 0.1599999964237213,
            "interruptableBy": []
        },
        "StunAttack": {
            "allowedPreState": [],
            "chainInputTime": 0.0,
            "coolTime": 0.0,
            "interruptableBy": []
        },
        "SwitchAlly": {
            "allowedPreState": [],
            "chainInputTime": 0.0,
            "coolTime": 0.0,
            "interruptableBy": []
        },
        "Walk": {
            "allowedPreState": [],
            "chainInputTime": 0.0,
            "coolTime": 0.0,
            "interruptableBy": []
        }
    },
    "Dash": {
        "accelLerp_": {
            "Loop": {
                "loop": {
                    "loopCount": 1,
                    "type": "Repeat"
                }
            },
            "ReturnTimer": {
                "easeingType_": "EaseInSine",
                "target_": 0.800000011920929
            },
            "Timer": {
                "easeingType_": "EaseOutCubic",
                "target_": 0.18000000715255737
            },
            "move_.end": 1.600000023841858,
            "move_.start": 0.6399999856948853,
            "useReturnTimer_": false
        },
        "decelLerp_": {
            "Loop": {
                "loop": {
                    "loopCount": 1,
                    "type": "Repeat"
                }
            },
            "ReturnTimer": {
                "easeingType_": "EaseInSine",
                "target_": 0.800000011920929
            },
            "Timer": {
                "easeingType_": "EaseInSine",
                "target_": 0.18000000715255737
            },
            "move_.end": 0.8600000143051147,
            "move_.start": 1.600000023841858,
            "useReturnTimer_": false
        },
        "nextAnimDuration_": 0.017999999225139618,
        "rotationLerpRate_": 0.18000000715255737
    },
    "Idle": {
        "nextAnimDuration_": 0.20000000298023224
    },
    "Parry": {
        "attackLerp_.easingType": 14,
        "attackLerp_.moveDistance": -13.0,
        "attackLerp_.time": 0.07999999821186066,
        "deltaWaitTime_": 0.15399999916553497,
        "nextAnimDuration_": 0.019999999552965164,
        "parryLerp_.easingType": 14,
        "parryLerp_.moveDistance": -54.0,
        "parryLerp_.time": 0.800000011920929
    },
    "SkilAttack": {
        "BackJump": {
            "easeingType_": "EaseOutBack",
            "moveValue": -32.0,
            "nextAnim": 0.10000000149011612,
            "target_": 0.3499999940395355
        },
        "LookEnemy": {
            "easeingType_": "EaseInSine",
            "target_": 0.11999999731779099
        },
        "MoveJump": {
            "easeingType_": "EaseOutQuint",
            "moveValue": -8.600000381469727,