{
    "CameraKeyObject": {
        "Keys": [
            {
                "Transform": {
                    "isCompulsion_": false,
                    "rotation": {
                        "w": 0.9660385251045227,
                        "x": -0.11890647560358047,
                        "y": 0.2219465970993042,
                        "z": 0.0580565445125103
                    },
                    "scale": {
                        "x": 1.000011682510376,
                        "y": 1.0000247955322266,
                        "z": 1.0000030994415283
                    },
                    "translation": {
                        "x": -16.128572463989258,
                        "y": 1.008509635925293,
                        "z": -43.187103271484375
                    }
                },
                "anyValues": {
                    "FovY": 0.7200000286102295
                },
                "ease": "EaseOutQuad",
                "time": 0.0
            },
            {
                "Transform": {
                    "isCompulsion_": false,
                    "rotation": {
                        "w": 0.9714805483818054,
                        "x": -0.08626467734575272,
                        "y": 0.21632663905620575,
                        "z": 0.044573113322257996
                    },
                    "scale": {
                        "x": 1.000001072883606,
                        "y": 1.0000026226043701,
                        "z": 1.000002145767212
                    },
                    "translation": {
                        "x": -20.19257354736328,
                        "y": 2.06827449798584,
                        "z": -50.238861083984375
                    }
                },
                "anyValues": {
                    "FovY": 0.7200000286102295
                },
                "ease": "EaseOutExpo",
                "time": 0.920769214630127
            },
            {
                "Transform": {
                    "isCompulsion_": false,
                    "rotation": {
                        "w": 0.9849421381950378,
                        "x": -0.009357252158224583,
                        "y": 0.17262305319309235,
                        "z": 0.001639972091652453
                    },
                    "scale": {
                        "x": 1.0,
                        "y": 1.0,
                        "z": 1.0
                    },
                    "translation": {
                        "x": -10.602123260498047,
                        "y": 5.073999881744385,
                        "z": -62.558624267578125
                    }
                },
                "anyValues": {
                    "FovY": 0.7200000286102295
                },
                "ease": "Linear",
                "time": 1.399999976158142
            }
        ],
        "addKeyTimeStep_": 0.800000011920929,
        "isConnectEnds_": false,
        "isUpdateKeyDuringLerp_": false,
        "keyRenderView_": "Scene",
        "lerpType_": "Linear",
        "parentName_": "playerSkilMove",
        "startDuration_": 0.07999999821186066,
        "startEaseType_": "Linear"
    },
    "keyName": "playerSkilMove",
    "previewLoopSpacing_": 1.0,
    "previewMode_": "Manual"
}