{
    "CameraKeyObject": {
        "Keys": [
            {
                "Transform": {
                    "isCompulsion_": false,
                    "isIgnoreParentScale": true,
                    "rotation": {
                        "w": 0.9963896870613098,
                        "x": 0.08489788323640823,
                        "y": -4.006311371540505e-07,
                        "z": 3.4135975823801346e-08
                    },
                    "scale": {
                        "x": 1.0000492334365845,
                        "y": 1.000002145767212,
                        "z": 1.0000079870224
                    },
                    "translation": {
                        "x": 5.960464477539063e-08,
                        "y": 11.510272979736328,
                        "z": -28.373497009277344
                    }
                },
                "anyValues": {
                    "FovY": 0.7200000286102295
                },
                "ease": "EaseOutSine",
                "time": 0.0
            },
            {
                "Transform": {
                    "isCompulsion_": false,
                    "isIgnoreParentScale": true,
                    "rotation": {
                        "w": 0.9954909086227417,
                        "x": 0.09485716372728348,
                        "y": -1.4810801474141044e-07,
                        "z": 1.411274119789141e-08
                    },
                    "scale": {
                        "x": 0.9999994039535522,
                        "y": 0.9999920725822449,
                        "z": 0.9999915361404419
                    },
                    "translation": {
                        "x": 0.0,
                        "y": 12.71047306060791,
                        "z": -30.166091918945313
                    }
                },
                "anyValues": {
                    "FovY": 0.699999988079071
                },
                "ease": "EaseOutExpo",
                "time": 0.8938845992088318
            },
            {
                "Transform": {
                    "isCompulsion_": false,
                    "isIgnoreParentScale": true,
                    "rotation": {
                        "w": 0.9928086400032043,
                        "x": 0.11971220374107361,
                        "y": -1.4793380742617046e-08,
                        "z": 1.7837760157846105e-09
                    },
                    "scale": {
                        "x": 1.0000419616699219,
                        "y": 0.9999933838844299,
                        "z": 0.9999932646751404
                    },
                    "translation": {
                        "x": 0.0,
                        "y": 14.686524391174316,
                        "z": -30.35300064086914
                    }
                },
                "anyValues": {
                    "FovY": 0.6399999856948853
                },
                "ease": "Linear",
                "time": 1.2000000476837158
            }
        ],
        "addKeyTimeStep_": 0.800000011920929,
        "isConnectEnds_": false,
        "isIgnoreParentScale_": true,
        "isUpdateKeyDuringLerp_": true,
        "keyRenderView_": "Scene",
        "lerpType_": "Linear",
        "parentName_": "player",
        "startDuration_": 0.07999999821186066,
        "startEaseType_": "Linear"
    },
    "keyName": "playerStunAttack",
    "previewLoopSpacing_": 1.0,
    "previewMode_": "Manual"
}