{
    "CameraKeyObject": {
        "Keys": [
            {
                "Transform": {
                    "isCompulsion_": false,
                    "rotation": {
                        "w": 0.9974623918533325,
                        "x": -0.017321554943919182,
                        "y": 0.064003124833107,
                        "z": -0.02593088336288929
                    },
                    "scale": {
                        "x": 1.0,
                        "y": 0.9999998807907104,
                        "z": 0.9999998807907104
                    },
                    "translation": {
                        "x": -6.220953941345215,
                        "y": 5.247501373291016,
                        "z": -51.791046142578125
                    }
                },
                "anyValues": {
                    "FovY": 0.800000011920929
                },
                "ease": "EaseOutQuad",
                "time": 0.0
            },
            {
                "Transform": {
                    "isCompulsion_": false,
                    "rotation": {
                        "w": 0.9963506460189819,
                        "x": -0.0002322332002222538,
                        "y": 0.08094906061887741,
                        "z": -0.027066616341471672
                    },
                    "scale": {
                        "x": 0.999993622303009,
                        "y": 0.9999707341194153,
                        "z": 1.0000022649765015
                    },
                    "translation": {
                        "x": -7.722912788391113,
                        "y": 5.906454563140869,
                        "z": -54.376007080078125
                    }
                },
                "anyValues": {
                    "FovY": 0.800000011920929
                },
                "ease": "EaseOutExpo",
                "time": 0.5645192265510559
            },
            {
                "Transform": {
                    "isCompulsion_": false,
                    "rotation": {
                        "w": 0.9947773218154907,
                        "x": -0.05645890161395073,
                        "y": 0.0836569145321846,
                        "z": -0.015230193734169006
                    },
                    "scale": {
                        "x": 0.9999976754188538,
                        "y": 0.9999955296516418,
                        "z": 1.000012993812561
                    },
                    "translation": {
                        "x": -8.345738410949707,
                        "y": 1.7439992427825928,
                        "z": -58.31719970703125
                    }
                },
                "anyValues": {
                    "FovY": 0.6399999856948853
                },
                "ease": "Linear",
                "time": 0.7799999713897705
            }
        ],
        "addKeyTimeStep_": 0.800000011920929,
        "isConnectEnds_": false,
        "isUpdateKeyDuringLerp_": false,
        "keyRenderView_": "Scene",
        "lerpType_": "Linear",
        "parentName_": "playerSkilMove",
        "startDuration_": 0.07999999821186066,
        "startEaseType_": "Linear"
    },
    "keyName": "playerSkilMove",
    "previewLoopSpacing_": 1.0,
    "previewMode_": "Manual"
}