{
    "InitBodyTransform": {
        "isCompulsion_": false,
        "rotation": {
            "w": 1.0,
            "x": 0.0,
            "y": 0.0,
            "z": 0.0
        },
        "scale": {
            "x": 1.2400000095367432,
            "y": 1.2400000095367432,
            "z": 1.2400000095367432
        },
        "translation": {
            "x": 0.0,
            "y": 1.600000023841858,
            "z": -49.47999954223633
        }
    },
    "InitLeftHandTransform": {
        "isCompulsion_": false,
        "rotation": {
            "w": 1.0,
            "x": 0.0,
            "y": 0.0,
            "z": 0.0
        },
        "scale": {
            "x": 0.7200000286102295,
            "y": 0.7200000286102295,
            "z": 0.7200000286102295
        },
        "translation": {
            "x": 2.4000000953674316,
            "y": 0.0,
            "z": 0.0
        }
    },
    "InitRightHandTransform": {
        "isCompulsion_": false,
        "rotation": {
            "w": 1.0,
            "x": 0.0,
            "y": 0.0,
            "z": 0.0
        },
        "scale": {
            "x": 0.7200000286102295,
            "y": 0.7200000286102295,
            "z": 0.7200000286102295
        },
        "translation": {
            "x": -2.4000000953674316,
            "y": 0.0,
            "z": 0.0
        }
    }
}